total_packets,total_bytes,avg_packet_size,max_packet_size,min_packet_size,duration_ms,packets_per_sec,bytes_per_sec,avg_inter_arrival,dst_port,protocol,has_tls,label
72,57235,794.9,1129,464,50929.1,1.41,1123.82,19.993,443,6,1,HTTPS
175,59791,341.7,475,114,799934.1,0.22,74.74,18.467,443,17,1,SPOTIFY
16,3225,201.6,1314,54,13324.1,1.2,242.04,888.273,443,6,0,HTTPS
44,15552,353.5,575,147,438628.5,0.1,35.46,15.605,443,17,1,SPOTIFY
418,753575,1802.8,1514,638,474752.9,0.88,1587.3,1.444,443,6,1,NETFLIX
200,164341,821.7,1252,326,138873.1,1.44,1183.39,5.832,443,6,1,YOUTUBE
115,51627,448.9,455,210,526135.8,0.22,98.12,6.229,443,17,1,SPOTIFY
11,3180,289.1,317,69,2220.8,4.95,1431.93,204.773,8080,6,0,HTTP
211,18225,86.4,93,40,83225.9,2.54,218.98,11.743,443,6,1,ZOOM
347,527815,1521.1,1514,375,201029.4,1.73,2625.56,3.365,443,6,1,NETFLIX
28,57308,2046.7,1514,726,11605.2,2.41,4938.11,53.159,80,6,0,HTTP
93,63021,677.6,1152,259,210238.4,0.44,299.76,25.303,27025,17,0,STEAM
43,10473,243.6,363,121,10436.0,4.12,1003.54,89.493,80,6,0,HTTP
5,330,66.0,66,66,15050.1,0.33,21.93,3762.525,443,6,0,HTTPS
101,33033,327.1,497,209,98453.7,1.03,335.52,4.421,443,17,0,GAMING
194,214707,1106.7,1514,559,98929.6,1.96,2170.3,7.836,443,6,1,NETFLIX
89,119724,1345.2,1514,901,36465.7,2.44,3283.19,8.485,443,6,1,HTTPS
1,122,122.0,183,56,63.0,15.88,1936.75,104.441,5353,17,0,DNS
113,18283,161.8,174,94,58931.1,1.92,310.24,9.456,443,17,0,GAMING
328,301105,918.0,1162,401,128154.6,2.56,2349.54,1.548,443,6,1,TIKTOK
67,28750,429.1,702,122,389274.5,0.17,73.86,27.826,443,17,1,SPOTIFY
109,197715,1813.9,1514,554,62889.0,1.73,3143.87,5.839,443,6,1,YOUTUBE
100,38576,385.8,457,226,246595.8,0.41,156.43,34.392,27036,17,0,STEAM
77,23507,305.3,548,145,75347.3,1.02,311.98,11.875,443,17,0,WHATSAPP
330,520031,1575.9,1514,720,220220.1,1.5,2361.41,1.126,443,6,1,YOUTUBE
368,54977,149.4,262,90,143240.8,2.57,383.81,4.306,443,6,1,ZOOM
3,240,80.0,80,80,7012.2,0.43,34.23,3506.124,53,17,0,DNS
197,174259,884.6,1059,425,101296.7,1.94,1720.28,5.384,443,6,1,YOUTUBE
176,215760,1225.9,1514,539,130490.1,1.35,1653.46,6.141,443,6,1,TIKTOK
15,1205,80.3,136,40,33737.0,0.44,35.72,20.633,443,17,0,WHATSAPP
13,23954,1842.6,1514,703,9820.2,1.32,2439.25,143.488,8443,6,1,HTTPS
286,572464,2001.6,1514,909,289010.7,0.99,1980.77,4.02,443,6,1,TIKTOK
24,2860,119.2,162,64,44761.7,0.54,63.89,45.149,3478,17,0,WHATSAPP
490,776161,1584.0,1514,1054,307435.9,1.59,2524.63,3.21,443,6,1,NETFLIX
60,63591,1059.8,1104,605,180942.9,0.33,351.44,15.227,27036,17,0,STEAM
230,279549,1215.4,1514,253,108984.7,2.11,2565.03,5.378,443,6,1,TIKTOK
248,35306,142.4,178,62,134881.4,1.84,261.76,6.697,8801,17,0,ZOOM
17,5071,298.3,486,93,47751.1,0.36,106.2,40.316,3478,17,0,WHATSAPP
310,708443,2285.3,1514,1265,366176.5,0.85,1934.7,3.354,443,6,1,YOUTUBE
5,330,66.0,66,66,15031.1,0.33,21.95,3757.777,443,6,0,HTTPS
5,368,73.6,86,40,185.3,26.99,1986.33,92.128,53,17,0,DNS
450,413970,919.9,1427,283,1445147.8,0.31,286.46,4.958,443,6,1,STEAM
226,16213,71.7,90,40,38837.2,5.82,417.46,14.619,443,6,1,ZOOM
313,209184,668.3,787,379,124001.7,2.52,1686.94,3.65,443,6,1,YOUTUBE
368,505994,1375.0,1514,312,224402.5,1.64,2254.85,3.056,443,6,1,NETFLIX
111,37065,333.9,397,145,819614.4,0.14,45.22,14.32,443,17,1,SPOTIFY
92,16827,182.9,886,54,183512.8,0.5,91.69,2016.624,27025,6,1,STEAM
94,179353,1908.0,1514,706,139631.0,0.67,1284.48,9.758,443,6,1,YOUTUBE
14,2558,182.7,240,101,28061.8,0.5,91.16,77.281,443,17,0,WHATSAPP
420,461073,1097.8,1423,527,295567.3,1.42,1559.96,1.523,443,6,1,TIKTOK
385,33118,86.0,143,56,188414.3,2.04,175.77,2.673,7777,17,0,GAMING
326,593271,1819.8,1514,852,278821.1,1.17,2127.78,3.617,443,6,1,TIKTOK
101,160010,1584.3,1514,1100,125621.4,0.8,1273.75,4.471,443,6,1,YOUTUBE
19,18633,980.7,1470,638,3941.4,4.82,4727.48,73.892,80,6,0,HTTP
146,8372,57.3,90,40,49247.2,2.96,170.0,11.019,3074,17,0,GAMING
16,3523,220.2,577,54,34414.9,0.46,102.37,2294.326,443,6,1,STEAM
212,18267,86.2,135,40,66816.6,3.17,273.39,9.026,443,6,1,ZOOM
293,303720,1036.6,1198,494,192104.7,1.53,1581.01,3.281,443,6,1,TIKTOK
12,49659,4138.2,1514,967,11511.4,1.04,4313.9,37.385,443,6,1,HTTPS
8,660,82.5,126,54,10494.4,0.76,62.89,1499.204,443,6,0,HTTPS
15,6361,424.1,628,175,1720.6,8.72,3696.92,107.615,443,6,1,HTTPS
268,59338,221.4,328,90,81446.0,3.29,728.56,6.486,7777,17,0,GAMING
109,44924,412.1,688,274,94503.0,1.15,475.37,6.761,443,17,0,GAMING
387,571382,1476.4,1514,455,288993.0,1.34,1977.15,3.433,443,6,1,NETFLIX
113,48844,432.2,548,276,563676.3,0.2,86.65,11.82,443,17,1,SPOTIFY
268,27698,103.4,180,40,113009.5,2.37,245.09,4.386,8801,17,0,ZOOM
137,23796,173.7,264,64,38162.7,3.59,623.54,12.011,3074,17,0,GAMING
248,115855,467.2,708,165,614124.1,0.4,188.65,16.744,27015,6,1,STEAM
32,43783,1368.2,1514,944,10448.0,3.06,4190.55,55.71,443,6,1,HTTPS
559,719275,1286.7,1453,870,259673.3,2.15,2769.92,2.496,443,6,1,YOUTUBE
190,363013,1910.6,1514,1111,187618.3,1.01,1934.85,3.667,443,6,1,YOUTUBE
15,2342,156.1,577,54,31555.8,0.48,74.22,2253.983,443,6,1,STEAM
26,3773,145.1,498,82,84850.2,0.31,44.47,3394.007,5353,17,0,DNS
148,144964,979.5,1303,295,104103.9,1.42,1392.49,4.513,443,6,1,TIKTOK
10,2262,226.2,571,54,1303.2,7.67,1735.75,144.798,443,6,1,STEAM
19,2346,123.5,286,62,13654.5,1.39,171.81,758.581,3478,17,0,WHATSAPP
25,13876,555.0,732,233,3458.9,7.23,4011.62,124.918,443,6,1,HTTPS
476,60361,126.8,217,71,112531.1,4.23,536.39,6.784,443,6,1,ZOOM
96,241269,2513.2,1514,658,116626.5,0.82,2068.73,10.355,443,6,1,HTTPS
77,17475,226.9,354,106,17556.0,4.39,995.38,10.508,3074,17,0,GAMING
4,143,35.8,37,40,72.4,55.26,1975.37,177.667,53,17,0,DNS
4,489,122.2,180,78,102.7,38.94,4760.52,171.211,53,17,0,DNS
324,532370,1643.1,1514,639,194886.9,1.66,2731.69,3.005,443,6,1,NETFLIX
28,58995,2107.0,1514,1281,6655.3,4.21,8864.39,59.834,80,6,0,HTTP
141,243010,1723.5,1514,634,159061.6,0.89,1527.77,6.436,443,6,1,TIKTOK
3,5693,1897.7,1514,957,882.3,3.4,6452.69,94.856,8080,6,0,HTTP
581,486574,837.5,1120,256,279517.0,2.08,1740.77,4.49,443,6,1,YOUTUBE
40,29036,725.9,1143,414,570230.1,0.07,50.92,19.846,443,17,1,SPOTIFY
43,54622,1270.3,1314,751,225959.7,0.19,241.73,38.362,27036,17,0,STEAM
126,70647,560.7,983,204,291443.1,0.43,242.4,21.63,27025,17,0,STEAM
6,7136,1189.3,1514,575,1605.1,3.74,4445.83,122.314,443,6,1,HTTPS
367,618784,1686.1,1514,1063,170667.8,2.15,3625.66,3.013,443,6,1,NETFLIX
181,35538,196.3,333,42,80310.2,2.25,442.51,12.353,443,6,1,ZOOM
640,676619,1057.2,1352,645,359871.8,1.78,1880.17,3.755,443,6,1,NETFLIX
3,240,80.0,80,80,7009.7,0.43,34.24,3504.838,53,17,0,DNS
187,45138,241.4,385,64,65014.1,2.88,694.28,8.394,8801,17,0,ZOOM
65,26212,403.3,430,225,21015.1,3.09,1247.29,23.961,443,17,0,WHATSAPP
2,89,44.5,60,40,33.6,59.57,2650.82,317.453,5353,17,0,DNS
40,1434,35.9,37,40,50750.0,0.79,28.26,30.035,3478,17,0,WHATSAPP
49,31122,635.1,678,436,8292.4,5.91,3753.07,40.327,443,6,1,HTTPS
303,65532,216.3,364,91,135132.4,2.24,484.95,2.987,7777,17,0,GAMING
491,629690,1282.5,1514,297,469884.2,1.04,1340.1,2.806,443,6,1,YOUTUBE
3,244,81.3,139,40,130.5,22.99,1869.78,163.217,53,17,0,DNS
1,207,207.0,286,129,78.6,12.73,2634.43,97.135,53,17,0,DNS
130,180845,1391.1,1514,527,726667.7,0.18,248.87,6.386,27015,6,1,STEAM
1,102,102.0,139,49,76.2,13.11,1337.71,280.944,5353,17,0,DNS
49,6822,139.2,152,40,211481.2,0.23,32.26,46.864,443,17,1,SPOTIFY
197,178738,907.3,1322,499,142166.1,1.39,1257.25,3.453,443,6,1,TIKTOK
18,2207,122.6,184,75,6904.9,2.61,319.63,77.451,443,17,0,WHATSAPP
457,525541,1150.0,1514,279,217377.5,2.1,2417.64,4.512,443,6,1,YOUTUBE
167,38104,228.2,290,135,126130.9,1.32,302.1,10.69,8801,17,0,ZOOM
8,1818,227.2,571,54,1194.2,6.7,1522.4,170.595,27021,6,1,STEAM
466,894030,1918.5,1514,1060,593939.4,0.78,1505.25,1.485,443,6,1,NETFLIX
42,108502,2583.4,1514,929,26694.7,1.57,4064.56,8.985,443,6,1,HTTPS
155,157392,1015.4,1336,207,310969.8,0.5,506.13,15.79,27015,6,1,STEAM
118,69015,584.9,802,321,344295.7,0.34,200.45,21.979,27025,17,0,STEAM
40,37020,925.5,1314,54,6844.2,5.84,5408.96,175.492,443,6,1,HTTPS
9,3635,403.9,1314,54,46560.3,0.19,78.07,5820.039,443,6,1,STEAM
29,5158,177.9,283,119,40293.4,0.72,128.01,40.482,3478,17,0,WHATSAPP
17,4961,291.8,353,79,19690.1,0.86,251.95,17.449,3478,17,0,WHATSAPP
94,38284,407.3,527,204,632517.0,0.15,60.53,8.844,443,17,1,SPOTIFY
299,419042,1401.5,1514,768,344568.8,0.87,1216.13,4.926,443,6,1,NETFLIX
263,380448,1446.6,1514,490,189943.9,1.38,2002.95,3.243,443,6,1,NETFLIX
98,52431,535.0,593,126,37147.2,2.64,1411.44,39.953,443,6,1,HTTPS
134,42887,320.1,527,116,65294.9,2.05,656.82,5.456,443,17,0,GAMING
274,481405,1757.0,1514,1144,275549.5,0.99,1747.07,2.673,443,6,1,TIKTOK
64,108000,1687.5,1514,938,10727.4,5.97,10067.64,24.434,443,6,1,HTTPS
244,277044,1135.4,1514,405,117964.4,2.07,2348.54,3.825,443,6,1,NETFLIX
135,275969,2044.2,1514,945,80734.2,1.67,3418.24,3.95,443,6,1,TIKTOK
167,243752,1459.6,1514,969,95705.4,1.74,2546.9,6.519,443,6,1,NETFLIX
328,29695,90.5,151,44,70959.2,4.62,418.48,9.695,443,6,1,ZOOM
15,2602,173.5,893,54,61317.6,0.24,42.43,4379.826,443,6,1,HTTPS
409,261171,638.6,794,284,725799.3,0.56,359.84,9.624,443,6,1,STEAM
142,25902,182.4,298,102,594428.6,0.24,43.57,15.033,443,17,1,SPOTIFY
14,1782,127.3,187,43,8139.1,1.72,218.94,32.525,3478,17,0,WHATSAPP
11,1955,177.7,720,54,1845.1,5.96,1059.55,184.513,443,6,1,HTTPS
323,374161,1158.4,1514,248,262748.7,1.23,1424.03,2.522,443,6,1,YOUTUBE
229,20896,91.2,163,59,102986.4,2.22,202.9,3.839,8801,17,0,ZOOM
576,795976,1381.9,1514,963,418979.3,1.37,1899.8,1.805,443,6,1,YOUTUBE
481,30404,63.2,79,43,114579.1,4.2,265.35,4.516,443,6,1,ZOOM
17,14109,829.9,1443,381,9763.5,1.74,1445.07,87.025,443,6,1,HTTPS
96,44767,466.3,489,204,214510.6,0.45,208.69,38.921,27036,17,0,STEAM
115,44751,389.1,461,221,83810.7,1.37,533.95,8.871,443,17,0,GAMING
5,552,110.4,165,59,171.8,29.1,3213.0,145.115,53,17,0,DNS
13,2461,189.3,789,54,2312.8,5.62,1064.09,192.732,443,6,1,HTTPS
97,156784,1616.3,1514,446,104416.4,0.93,1501.53,9.802,443,6,1,YOUTUBE
104,75720,728.1,1208,321,399141.8,0.26,189.71,13.653,27025,17,0,STEAM
155,25776,166.3,281,48,441973.7,0.35,58.32,11.429,443,17,1,SPOTIFY
205,240990,1175.6,1362,617,200856.8,1.02,1199.81,2.159,443,6,1,YOUTUBE
161,371294,2306.2,1514,552,193508.0,0.83,1918.75,2.749,443,6,1,YOUTUBE
8,1818,227.2,571,54,1194.2,6.7,1522.37,170.598,27030,6,1,STEAM
218,20168,92.5,135,64,74698.1,2.92,269.99,5.687,8801,17,0,ZOOM
174,43729,251.3,372,166,32622.6,5.33,1340.45,5.686,443,17,0,GAMING
13,1742,134.0,166,93,15758.3,0.82,110.55,38.142,3478,17,0,WHATSAPP
442,750737,1698.5,1514,1089,345624.3,1.28,2172.12,3.157,443,6,1,YOUTUBE
6,8891,1481.8,1514,590,2688.5,2.23,3307.05,329.142,8080,6,0,HTTP
50,21299,426.0,540,259,406180.8,0.12,52.44,21.925,443,17,1,SPOTIFY
12,1710,142.5,203,82,61853.3,0.19,27.65,5623.024,27036,17,0,STEAM
221,30645,138.7,170,47,75537.7,2.93,405.69,9.803,443,17,0,GAMING
92,238965,2597.4,1514,1526,672586.1,0.14,355.29,15.827,27015,6,1,STEAM
11,2328,211.6,571,54,1294.6,8.5,1798.31,129.455,443,6,1,STEAM
180,185398,1030.0,1480,554,105966.4,1.7,1749.59,5.199,443,6,1,TIKTOK
287,30037,104.7,105,40,75380.0,3.81,398.47,9.467,443,17,0,GAMING
14,3773,269.5,402,175,2348.9,5.96,1606.3,190.733,8080,6,0,HTTP
57,23312,409.0,563,140,46297.6,1.23,503.52,17.82,3074,17,0,GAMING
331,524745,1585.3,1514,1066,209776.7,1.58,2501.45,2.234,443,6,1,TIKTOK
7,19533,2790.4,1514,1940,3407.6,2.05,5732.23,36.654,80,6,0,HTTP
2,167,83.5,125,42,74.2,26.97,2251.89,260.637,5353,17,0,DNS
75,31031,413.7,490,231,65374.5,1.15,474.67,11.132,443,17,0,WHATSAPP
70,11917,170.2,264,50,94288.1,0.74,126.39,24.018,443,17,0,WHATSAPP
13,22379,1721.5,1514,733,752.8,17.27,29728.69,116.247,80,6,0,HTTP
117,210689,1800.8,1514,1160,41080.8,2.85,5128.64,12.726,443,6,1,HTTPS
72,16802,233.4,416,144,28757.1,2.5,584.27,6.656,3074,17,0,GAMING
203,355682,1752.1,1514,884,162716.5,1.25,2185.9,7.62,443,6,1,YOUTUBE
22,15666,712.1,1086,465,1778.7,12.37,8807.75,153.035,80,6,0,HTTP
3,409,136.3,217,93,199.9,15.0,2045.57,40.438,53,17,0,DNS
235,142050,604.5,1055,152,160143.6,1.47,887.02,5.882,443,6,1,NETFLIX
199,155400,780.9,1056,291,638805.4,0.31,243.27,7.054,27015,6,1,STEAM
9,3321,369.0,404,117,2395.7,3.76,1386.25,121.292,8080,6,0,HTTP
154,272614,1770.2,1514,1132,111824.0,1.38,2437.88,8.533,443,6,1,NETFLIX
408,451670,1107.0,1275,309,288075.3,1.42,1567.89,3.885,443,6,1,TIKTOK
3,203,67.7,86,40,52.8,56.82,3844.79,89.336,53,17,0,DNS
161,180198,1119.2,1514,658,110125.5,1.46,1636.3,9.162,443,6,1,YOUTUBE
426,46229,108.5,163,48,81778.7,5.21,565.29,6.683,443,6,1,ZOOM
52,32204,619.3,626,368,265264.4,0.2,121.4,10.773,27036,17,0,STEAM
3,240,80.0,80,80,7009.7,0.43,34.24,3504.844,53,17,0,DNS
175,279647,1598.0,1514,615,164475.8,1.06,1700.23,5.814,443,6,1,YOUTUBE
138,239138,1732.9,1514,563,700966.0,0.2,341.15,7.847,27015,6,1,STEAM
432,248063,574.2,848,120,1196491.9,0.36,207.33,7.492,443,6,1,STEAM
329,519720,1579.7,1514,355,294003.6,1.12,1767.73,1.861,443,6,1,TIKTOK
6,2133,355.5,1314,54,281.8,21.29,7568.72,56.364,443,6,1,SPOTIFY
269,23352,86.8,286,62,66664.7,4.04,350.29,248.749,3478,17,0,WHATSAPP
420,747595,1780.0,1514,1050,363023.0,1.16,2059.36,1.749,443,6,1,NETFLIX
2,276,138.0,168,43,85.7,23.35,3222.1,87.572,53,17,0,DNS
23,5624,244.5,275,70,18973.3,1.21,296.42,43.021,3478,17,0,WHATSAPP
70,34046,486.4,543,108,324167.8,0.22,105.03,25.744,443,17,1,SPOTIFY
275,29738,108.1,136,62,91887.5,2.99,323.63,7.359,8801,17,0,ZOOM
42,119031,2834.1,1514,902,23182.7,1.81,5134.48,13.624,443,6,1,HTTPS
14,42475,3033.9,1514,1931,14969.8,0.94,2837.38,65.476,443,6,1,HTTPS
100,193819,1938.2,1514,965,121243.3,0.82,1598.6,8.368,443,6,1,YOUTUBE
81,52936,653.5,1129,154,271524.4,0.3,194.96,24.708,27036,17,0,STEAM
48,8607,179.3,216,58,248731.1,0.19,34.6,30.038,443,17,1,SPOTIFY
267,20058,75.1,91,40,35238.0,7.58,569.22,12.597,443,6,1,ZOOM
44,4850,110.2,812,54,212410.6,0.21,22.83,4939.782,443,6,0,HTTPS
86,51836,602.7,861,257,387204.6,0.22,133.87,8.306,27025,17,0,STEAM
125,43569,348.6,614,142,776737.6,0.16,56.09,17.802,443,17,1,SPOTIFY
60,10543,175.7,263,59,253162.7,0.24,41.65,31.809,443,17,1,SPOTIFY
44,39024,886.9,1140,523,8572.9,5.13,4552.02,63.224,443,6,1,HTTPS
28,14071,502.5,1314,54,104041.6,0.27,135.24,3853.394,443,6,1,HTTPS
19,13057,687.2,966,322,5493.2,3.46,2376.94,81.99,80,6,0,HTTP
2,502,251.0,342,69,162.9,12.28,3081.63,86.429,53,17,0,DNS
68,72853,1071.4,1514,398,117238.0,0.58,621.41,13.92,443,6,1,HTTPS
13,11704,900.3,1514,448,1534.2,8.47,7628.7,83.257,8080,6,0,HTTP
548,77462,141.4,200,65,143414.0,3.82,540.13,6.724,7777,17,0,GAMING
1,195,195.0,344,101,62.8,15.93,3106.6,192.352,5353,17,0,DNS
30,2404,80.1,133,40,31661.7,0.95,75.93,45.217,443,17,0,WHATSAPP
1,110,110.0,125,40,10.9,91.61,10077.0,161.91,5353,17,0,DNS
322,543638,1688.3,1514,766,343071.3,0.94,1584.62,3.656,443,6,1,NETFLIX
542,744101,1372.9,1514,642,492444.5,1.1,1511.04,2.199,443,6,1,NETFLIX
50,16015,320.3,426,164,269947.5,0.19,59.33,14.767,443,17,1,SPOTIFY
289,289974,1003.4,1514,203,155270.5,1.86,1867.54,5.536,443,6,1,YOUTUBE
2,160,80.0,80,80,3001.1,0.67,53.31,3001.055,53,17,0,DNS
6,618,103.0,336,54,60856.2,0.1,10.16,12171.23,80,6,0,HTTP
26,6953,267.4,439,79,49144.9,0.53,141.48,39.489,3478,17,0,WHATSAPP
481,58856,122.4,203,71,166029.1,2.9,354.49,6.812,7777,17,0,GAMING
225,397423,1766.3,1514,523,220582.4,1.02,1801.7,7.313,443,6,1,YOUTUBE
10,2197,219.7,279,140,10848.4,0.92,202.52,66.859,443,17,0,WHATSAPP
144,17587,122.1,188,54,72664.4,1.98,242.03,8.208,443,6,1,ZOOM
1,142,142.0,173,73,93.2,10.73,1523.55,75.764,53,17,0,DNS
137,11365,83.0,142,40,40092.1,3.42,283.47,11.355,3074,17,0,GAMING
2,160,80.0,80,80,3001.1,0.67,53.31,3001.105,53,17,0,DNS
281,406740,1447.5,1514,359,203965.1,1.38,1994.17,2.07,443,6,1,TIKTOK
10,2262,226.2,571,54,1303.3,7.67,1735.58,144.812,443,6,1,STEAM
46,28901,628.3,1066,305,106846.1,0.43,270.49,14.818,443,17,0,WHATSAPP
218,482558,2213.6,1514,1537,210766.0,1.03,2289.54,4.058,443,6,1,TIKTOK
10,1421,142.1,571,54,6222.8,1.61,228.35,691.428,27024,6,1,STEAM
249,19689,79.1,108,42,46253.2,5.38,425.68,11.017,443,6,1,ZOOM
73,20598,282.2,446,192,19740.0,3.7,1043.46,13.34,3074,17,0,GAMING
3,512,170.7,215,40,48.1,62.41,10650.57,68.328,53,17,0,DNS
48,16037,334.1,448,218,263001.3,0.18,60.98,45.897,443,17,1,SPOTIFY
10,1926,192.6,571,54,1285.2,7.78,1498.61,142.799,27020,6,1,STEAM
9,13923,1547.0,1514,549,866.8,10.38,16063.29,142.814,80,6,0,HTTP
28,8471,302.5,473,70,146252.3,0.19,57.92,38.37,443,17,1,SPOTIFY
77,84396,1096.1,1162,632,391269.8,0.2,215.7,18.303,27025,17,0,STEAM
249,323102,1297.6,1514,694,1398533.4,0.18,231.03,3.95,443,6,1,STEAM
534,51563,96.6,105,40,156987.6,3.4,328.45,2.373,7777,17,0,GAMING
6,133,22.2,34,40,185.8,32.29,715.72,128.675,53,17,0,DNS
46,11421,248.3,289,101,208522.2,0.22,54.77,27.799,443,17,1,SPOTIFY
416,336359,808.6,1279,470,197567.0,2.11,1702.51,4.53,443,6,1,TIKTOK
13,1562,120.2,581,54,82231.1,0.16,19.0,6852.591,443,6,1,HTTPS
35,16450,470.0,586,182,9533.1,3.67,1725.57,94.73,80,6,0,HTTP
338,287737,851.3,1429,241,353489.2,0.96,813.99,5.632,443,6,1,NETFLIX
201,230474,1146.6,1413,394,155460.9,1.29,1482.52,6.828,443,6,1,TIKTOK
210,45662,217.4,247,99,129149.6,1.63,353.56,8.105,443,6,1,ZOOM
3,240,80.0,80,80,7012.3,0.43,34.23,3506.125,53,17,0,DNS
476,419743,881.8,1506,465,1128606.3,0.42,371.91,8.086,443,6,1,STEAM
3,170,56.7,95,40,19.4,154.79,8771.53,228.427,53,17,0,DNS
3,242,80.7,114,40,52.2,57.52,4640.29,298.711,53,17,0,DNS
20,7746,387.3,636,212,255684.1,0.08,30.3,20.316,443,17,1,SPOTIFY
90,23686,263.2,273,176,64046.9,1.41,369.82,8.687,443,17,0,WHATSAPP
2,84,42.0,46,40,113.0,17.7,743.59,149.435,53,17,0,DNS
271,59290,218.8,264,69,105304.2,2.57,563.04,3.488,7777,17,0,GAMING
15,22591,1506.1,1514,549,735.6,20.39,30709.11,137.251,80,6,0,HTTP
414,620472,1498.7,1514,1036,563111.5,0.74,1101.86,1.784,443,6,1,NETFLIX
91,17060,187.5,266,64,92458.5,0.98,184.52,24.532,443,17,0,WHATSAPP
118,142441,1207.1,1514,285,134994.3,0.87,1055.16,8.989,443,6,1,NETFLIX
548,436287,796.1,876,421,493395.3,1.11,884.25,3.131,443,6,1,YOUTUBE
28,669,23.9,29,40,31778.3,0.88,21.05,25.645,443,17,0,WHATSAPP
87,63096,725.2,791,411,24717.4,3.52,2552.69,28.085,443,6,1,HTTPS
97,35111,362.0,582,176,36520.6,2.66,961.4,38.26,443,6,1,HTTPS
136,21220,156.0,187,40,25785.9,5.27,822.93,5.283,3074,17,0,GAMING
556,799487,1437.9,1514,502,253595.6,2.19,3152.61,4.651,443,6,1,YOUTUBE
247,199649,808.3,918,415,132140.0,1.87,1510.89,5.501,443,6,1,TIKTOK
13,2276,175.1,902,54,2499.9,5.2,910.43,208.326,443,6,1,HTTPS
83,82861,998.3,1206,422,24253.5,3.42,3416.46,25.097,443,6,1,HTTPS
19,2534,133.4,136,83,25582.3,0.74,99.05,39.634,443,17,0,WHATSAPP
22,10870,494.1,616,197,20404.4,1.08,532.73,72.234,443,6,1,HTTPS
21,22037,1049.4,1210,734,6113.4,3.44,3604.71,80.123,80,6,0,HTTP
318,386966,1216.9,1514,437,181234.7,1.75,2135.17,1.575,443,6,1,TIKTOK
370,327700,885.7,1031,544,1489938.8,0.25,219.94,8.509,443,6,1,STEAM
5,330,66.0,66,66,15033.1,0.33,21.95,3758.273,443,6,0,HTTPS
21,20129,958.5,1514,377,3244.1,6.47,6204.76,91.863,80,6,0,HTTP
2,99,49.5,53,40,104.6,19.12,946.56,173.824,53,17,0,DNS
4,479,119.8,153,40,230.6,17.34,2076.98,168.231,53,17,0,DNS
424,36149,85.3,112,40,116243.8,3.65,310.98,4.433,443,6,1,ZOOM
49,16937,345.7,433,199,206226.4,0.24,82.13,33.239,443,17,1,SPOTIFY
27,826,30.6,54,40,19113.0,1.41,43.22,62.697,443,17,0,WHATSAPP
13,1859,143.0,237,94,49216.7,0.26,37.77,39.752,3478,17,0,WHATSAPP
1,190,190.0,251,98,27.1,36.89,7009.6,217.371,5353,17,0,DNS
383,231745,605.1,664,377,958325.7,0.4,241.82,4.329,443,6,1,STEAM
226,41340,182.9,225,117,92046.7,2.46,449.12,3.048,443,6,1,ZOOM
187,54630,292.1,416,190,859770.8,0.22,63.54,19.711,443,17,1,SPOTIFY
250,202726,810.9,1155,420,84245.8,2.97,2406.36,6.019,443,6,1,TIKTOK
25,13359,534.4,723,187,1179.3,21.2,11327.83,41.609,80,6,0,HTTP
55,35584,647.0,992,234,560018.7,0.1,63.54,19.157,443,17,1,SPOTIFY
246,49841,202.6,361,64,142949.5,1.72,348.66,10.826,8801,17,0,ZOOM
30,5707,190.2,315,89,7543.7,3.98,756.52,34.866,443,6,1,HTTPS
27,17545,649.8,833,454,4163.9,6.48,4213.57,30.294,443,6,1,HTTPS
243,211685,871.1,1249,564,88778.9,2.74,2384.41,5.441,443,6,1,TIKTOK
167,192012,1149.8,1514,721,225802.1,0.74,850.36,6.638,443,6,1,YOUTUBE
25,56034,2241.4,1514,597,17456.3,1.43,3209.96,19.049,443,6,1,HTTPS
687,565069,822.5,1277,225,333562.2,2.06,1694.04,3.835,443,6,1,NETFLIX
10,2443,244.3,571,54,1200.5,8.33,2034.99,133.389,27022,6,1,STEAM
22,1954,88.8,134,40,27476.3,0.8,71.12,19.482,443,17,0,WHATSAPP
98,12147,123.9,178,68,47431.1,2.07,256.1,24.486,443,17,0,WHATSAPP
164,153316,934.9,1141,188,91075.8,1.8,1683.39,4.965,443,6,1,NETFLIX
97,32448,334.5,542,152,286416.3,0.34,113.29,24.287,27036,17,0,STEAM
109,42400,389.0,680,264,57789.6,1.89,733.7,7.458,443,17,0,GAMING
6,17736,2956.0,1514,1485,4590.7,1.31,3863.44,127.182,80,6,0,HTTP
38,10863,285.9,340,120,7046.6,5.39,1541.6,72.491,80,6,0,HTTP
147,157962,1074.6,1276,279,151404.2,0.97,1043.31,6.726,443,6,1,NETFLIX
15,2272,151.5,577,54,61077.7,0.25,37.2,4362.691,443,6,1,STEAM
7,1247,178.1,571,54,990.1,7.07,1259.44,165.02,27022,6,1,STEAM
8,5362,670.2,790,240,1342.6,5.96,3993.6,74.482,8080,6,0,HTTP
4,6993,1748.2,1514,1074,2436.7,1.64,2869.83,91.28,8080,6,0,HTTP
227,40293,177.5,248,74,122212.7,1.86,329.7,6.981,443,6,1,ZOOM
24,17690,737.1,925,346,157145.6,0.15,112.57,22.325,443,17,1,SPOTIFY
11,2150,195.5,915,54,1525.2,7.21,1409.66,152.519,443,6,1,HTTPS
245,204543,834.9,889,441,149470.3,1.64,1368.45,2.278,443,6,1,NETFLIX
2,94,47.0,53,40,34.2,58.5,2749.54,389.184,5353,17,0,DNS
19,2346,123.5,286,62,13654.6,1.39,171.81,758.589,3478,17,0,WHATSAPP
246,58802,239.0,367,150,101755.3,2.42,577.88,4.666,443,6,1,ZOOM
126,128125,1016.9,1514,392,228648.4,0.55,560.36,16.383,27025,17,0,STEAM
12,2077,173.1,577,54,31468.7,0.38,66.0,2860.791,443,6,1,STEAM
42,35283,840.1,960,173,39411.8,1.07,895.24,9.55,443,17,0,WHATSAPP
134,209328,1562.1,1514,525,93851.4,1.43,2230.42,2.749,443,6,1,NETFLIX
32,17769,555.3,663,293,239270.9,0.13,74.26,30.786,443,17,1,SPOTIFY
62,32169,518.9,864,182,427642.1,0.14,75.22,16.934,443,17,1,SPOTIFY
330,37919,114.9,158,49,88626.5,3.72,427.85,7.342,8801,17,0,ZOOM
113,187912,1662.9,1514,514,112612.7,1.0,1668.66,11.08,443,6,1,YOUTUBE
2,102,51.0,60,40,12.9,154.47,7878.09,250.426,5353,17,0,DNS
316,358087,1133.2,1430,573,229126.9,1.38,1562.83,3.062,443,6,1,TIKTOK
303,435941,1438.7,1514,586,201637.9,1.5,2162.0,3.754,443,6,1,TIKTOK
106,296476,2796.9,1514,1644,107459.0,0.99,2758.97,7.802,443,6,1,TIKTOK
21,7943,378.2,623,234,4809.8,4.37,1651.44,106.589,80,6,0,HTTP
9,2362,262.4,1314,54,64848.8,0.14,36.42,8106.099,443,6,0,HTTPS
427,323791,758.3,1174,358,1369905.2,0.31,236.36,3.695,443,6,1,STEAM
98,21489,219.3,246,64,23038.2,4.25,932.75,10.988,3074,17,0,GAMING
136,187749,1380.5,1514,808,24119.4,5.64,7784.14,17.684,8443,6,1,HTTPS
516,676876,1311.8,1514,829,307099.3,1.68,2204.09,1.579,443,6,1,NETFLIX
57,15429,270.7,392,129,19618.1,2.91,786.47,10.401,3074,17,0,GAMING
30,43171,1439.0,1514,468,314601.5,0.1,137.22,14.341,27036,17,0,STEAM
2,186,93.0,125,40,56.1,35.65,3315.51,195.793,5353,17,0,DNS
214,583657,2727.4,1514,613,304504.8,0.7,1916.74,1.305,443,6,1,NETFLIX
406,61724,152.0,257,65,158991.3,2.55,388.22,2.009,443,6,1,ZOOM
184,316634,1720.8,1514,1117,70960.5,2.59,4462.12,4.499,443,6,1,TIKTOK
571,400299,701.0,763,267,379683.4,1.5,1054.3,2.954,443,6,1,YOUTUBE
201,36293,180.6,277,84,35622.1,5.64,1018.83,7.614,443,6,1,ZOOM
176,44603,253.4,264,96,32026.3,5.5,1392.7,7.568,443,6,1,ZOOM
120,230797,1923.3,1514,590,152401.0,0.79,1514.41,5.936,443,6,1,TIKTOK
4,340,85.0,125,40,40.4,99.06,8420.05,131.733,53,17,0,DNS
274,27957,102.0,167,56,48031.3,5.7,582.06,8.67,8801,17,0,ZOOM
122,60672,497.3,547,174,45060.5,2.71,1346.46,13.796,443,6,1,HTTPS
30,27572,919.1,1365,542,7114.7,4.22,3875.36,144.099,443,6,1,HTTPS
43,3616,84.1,141,58,31426.8,1.37,115.06,32.136,3478,17,0,WHATSAPP
585,45497,77.8,122,40,193564.9,3.02,235.05,3.812,7777,17,0,GAMING
2,162,81.0,108,43,65.3,30.62,2480.15,82.821,53,17,0,DNS
6,15082,2513.7,1514,1577,4242.6,1.41,3554.87,43.044,80,6,0,HTTP
230,158421,688.8,826,428,619469.4,0.37,255.74,10.516,27015,6,1,STEAM
339,431871,1274.0,1514,769,235543.3,1.44,1833.51,2.208,443,6,1,TIKTOK
40,49401,1235.0,1514,269,7010.1,5.71,7047.1,21.17,443,6,1,HTTPS
263,319523,1214.9,1514,273,243057.5,1.08,1314.6,5.307,443,6,1,NETFLIX
40,20715,517.9,925,223,6465.9,6.19,3203.75,95.506,80,6,0,HTTP
24,22466,936.1,1351,557,2781.8,8.63,8076.05,108.661,80,6,0,HTTP
5,2033,406.6,1242,162,821.7,6.08,2474.13,205.425,3478,17,0,WHATSAPP
195,25280,129.6,169,40,828366.0,0.24,30.52,16.484,443,17,1,SPOTIFY
7,2625,375.0,405,219,28552.7,0.25,91.94,55.771,443,17,0,WHATSAPP
117,22692,193.9,348,111,74181.3,1.58,305.9,14.13,443,6,1,ZOOM
527,699883,1328.1,1514,291,347759.4,1.52,2012.55,3.104,443,6,1,NETFLIX
3,200,66.7,71,40,228.3,13.14,876.06,37.464,53,17,0,DNS
97,22603,233.0,402,90,28386.8,3.42,796.25,16.305,3074,17,0,GAMING
117,146985,1256.3,1514,703,74234.2,1.58,1980.02,3.029,443,6,1,YOUTUBE
26,2659,102.3,148,40,32804.5,0.79,81.06,66.755,443,17,0,WHATSAPP
65,23934,368.2,639,188,372519.0,0.17,64.25,28.875,443,17,1,SPOTIFY
32,11049,345.3,412,183,49423.6,0.65,223.56,13.088,443,17,0,WHATSAPP
407,72962,179.3,280,63,130352.9,3.12,559.73,7.371,7777,17,0,GAMING
260,69858,268.7,400,83,188258.3,1.38,371.08,3.77,7777,17,0,GAMING
43,14124,328.5,423,125,10221.3,4.21,1381.82,50.99,80,6,0,HTTP
92,26192,284.7,431,126,95816.5,0.96,273.36,18.812,443,17,0,WHATSAPP
31,16375,528.2,840,286,10546.6,2.94,1552.64,85.462,80,6,0,HTTP
167,299927,1796.0,1514,627,108418.0,1.54,2766.39,7.744,443,6,1,TIKTOK
185,24324,131.5,186,84,61804.4,2.99,393.56,8.772,443,17,0,GAMING
124,38694,312.0,474,180,725072.0,0.17,53.37,16.718,443,17,1,SPOTIFY
2,282,141.0,173,50,137.8,14.51,2046.48,72.347,53,17,0,DNS
139,159352,1146.4,1514,619,82627.3,1.68,1928.56,7.979,443,6,1,YOUTUBE
14,1771,126.5,430,54,91507.1,0.15,19.35,7039.007,443,6,1,HTTPS
608,885405,1456.3,1514,409,524843.3,1.16,1686.99,3.777,443,6,1,NETFLIX
2,155,77.5,131,44,33.8,59.11,4581.1,105.167,5353,17,0,DNS
105,15789,150.4,181,83,354078.2,0.3,44.59,20.685,443,17,1,SPOTIFY
192,88746,462.2,495,160,589786.9,0.33,150.47,14.521,27015,6,1,STEAM
383,44984,117.5,194,81,85538.3,4.48,525.89,8.973,8801,17,0,ZOOM
19,3274,172.3,577,54,34620.5,0.55,94.57,1923.358,443,6,1,STEAM
237,211075,890.6,988,452,153302.4,1.55,1376.85,6.177,443,6,1,TIKTOK
66,26086,395.2,497,166,514303.5,0.13,50.72,21.347,443,17,1,SPOTIFY
14,2470,176.4,1202,54,3409.1,4.11,724.53,262.24,443,6,1,HTTPS
374,600362,1605.2,1514,959,141386.0,2.65,4246.26,4.9,443,6,1,TIKTOK
73,171746,2352.7,1514,1205,84098.7,0.87,2042.19,13.061,443,6,1,HTTPS
5,5969,1193.8,1514,293,1513.2,3.3,3944.72,204.006,8080,6,0,HTTP
68,128647,1891.9,1514,1139,367265.0,0.19,350.28,29.559,27025,17,0,STEAM
10,1409,140.9,571,54,30899.1,0.32,45.6,3433.232,27019,6,1,STEAM
15,11406,760.4,1150,484,673.7,22.27,16930.99,125.001,8080,6,0,HTTP
5,330,66.0,66,66,15027.1,0.33,21.96,3756.783,443,6,0,HTTPS
18,4358,242.1,1314,54,82299.9,0.22,52.95,4841.173,443,6,1,HTTPS
153,328117,2144.6,1514,970,121145.6,1.26,2708.45,6.812,443,6,1,NETFLIX
77,30166,391.8,686,211,250915.1,0.31,120.22,17.25,443,17,1,SPOTIFY
9,1872,208.0,571,54,1200.4,7.5,1559.45,150.053,27021,6,1,STEAM
407,82197,202.0,266,50,119878.5,3.4,685.67,3.968,7777,17,0,GAMING
3,11853,3951.0,1514,1638,1691.5,1.77,7007.33,122.581,8080,6,0,HTTP
210,19770,94.1,145,40,47093.8,4.46,419.8,8.533,443,6,1,ZOOM
83,18445,222.2,396,58,23157.7,3.58,796.5,25.457,443,6,1,HTTPS
3,162,54.0,54,54,484.3,6.19,334.48,242.168,80,6,0,HTTP
176,204312,1160.9,1480,385,180788.4,0.97,1130.12,4.154,443,6,1,YOUTUBE
175,33605,192.0,285,99,77208.1,2.27,435.25,4.738,443,17,0,GAMING
228,300295,1317.1,1514,304,152052.1,1.5,1974.95,7.237,443,6,1,TIKTOK
